macro_cluster,macro_role,micro_cluster,micro_name,cluster_size,projection_raw,projection_norm,orthogonal_raw,orthogonal_norm,rank_in_macro,n_micros_in_macro,global_rank,stage_label
0,normal_macro,1,M0_m1,2484,-0.904102406533075,-0.2523898850732201,3.210802236237928,0.8963298864610229,1,3,1,core_normal
0,normal_macro,0,M0_m0,1855,0.12262188636844897,0.03423121494242155,3.621039548794042,1.0108520328689987,2,3,2,intermediate_normal
0,normal_macro,2,M0_m2,1469,0.7097545162822796,0.19813558674354673,1.9612617349444115,0.5475072517274794,3,3,3,boundary_normal
1,drift_macro,2,M1_m2,2468,2.9142285689978484,0.8135381659108035,1.715409514908555,0.47887496725232925,1,3,4,entry_drift
1,drift_macro,1,M1_m1,1105,4.019893511777912,1.122196395134906,2.954507222876047,0.8247823842092653,2,3,5,intermediate_drift
1,drift_macro,0,M1_m0,1104,4.737823575188703,1.322614273558317,1.9276365037676602,0.5381204077472668,3,3,6,deep_drift
