macro_cluster,macro_role,micro_cluster,micro_name,rank_in_macro,global_rank,stage_label,n_windows,mean_projection,mean_x,mean_y
0,normal_macro,1,M0_m1,1,1,core_normal,2484,-0.2523898850732201,3.461623738634753,-1.3260533583750074
0,normal_macro,0,M0_m0,2,2,intermediate_normal,1855,0.03423121494242155,-2.638744062691894,-2.591418100378276
0,normal_macro,2,M0_m2,3,3,boundary_normal,1469,0.19813558674354673,0.6408468681922377,0.27962470555818175
1,drift_macro,2,M1_m2,1,4,entry_drift,2468,0.8135381659108035,0.17918827035351859,1.8960996040934737
1,drift_macro,1,M1_m1,2,5,intermediate_drift,1105,1.122196395134906,-3.613212955071403,0.5345739888671478
1,drift_macro,0,M1_m0,3,6,deep_drift,1104,1.322614273558317,-1.7154359250605602,2.350324845103849
