scenario,mean_jeffreys,mean_latent_score,mean_latent_flag_rate,top_family_by_ot,top_family_ot
Sudden,14.598228800400877,9.312103615259629,0.606236559139785,Mobility,6.620967103109875
Gradual,14.363974222511395,8.124777594647446,0.6449462365591399,Mobility,5.342770873388974
Recurrent,12.58339406830088,4.031619534880826,0.29231182795698923,IRAT,3.014689780092296
