,Other,Mobility,RadioContext,LTE,NR,Throughput,IRAT
Sudden,0.9989740214365945,0.18633376681569525,0.6135775805757533,0.4843693475330854,0.4358121118778012,0.3284172040032786,0.6608333085611292
Gradual,0.9990092385614086,0.18155278664322155,0.5510980745133964,0.5217119212431434,0.5525188106482786,0.29125502419013694,0.574823143699246
Recurrent,0.9987434555554582,0.3622294312480481,0.8444801029801154,0.5709856493316197,0.6594687025728578,0.5412854949857372,0.4725749356843821
